,Symbol,Name,LastSale,MarketCap,IPOyear,Sector,industry,Summary Quote,Unnamed: 8
0,GOED,1847 Goedeker Inc.,9.8501,$60.2M,2020.0,Consumer Services,Home Furnishings,https://old.nasdaq.com/symbol/goed,
1,XXII,"22nd Century Group, Inc",2.79,$387.42M,,Consumer Non-Durables,Farming/Seeds/Milling,https://old.nasdaq.com/symbol/xxii,
2,FAX,Aberdeen Asia-Pacific Income Fund Inc,4.4,$1.09B,1986.0,,,https://old.nasdaq.com/symbol/fax,
3,IAF,Aberdeen Australia Equity Fund Inc,5.47,$126.5M,,,,https://old.nasdaq.com/symbol/iaf,
4,AEF,"Aberdeen Emerging Markets Equity Income Fund, Inc.",8.68,$440.53M,,,,https://old.nasdaq.com/symbol/aef,
5,FCO,"Aberdeen Global Income Fund, Inc.",7.9794,$69.67M,1992.0,,,https://old.nasdaq.com/symbol/fco,
6,ACU,Acme United Corporation.,31.3,$104.51M,1988.0,Capital Goods,Industrial Machinery/Components,https://old.nasdaq.com/symbol/acu,
7,ATNM,"Actinium Pharmaceuticals, Inc.",8.36,$113.58M,,Health Care,Major Pharmaceuticals,https://old.nasdaq.com/symbol/atnm,
8,AE,"Adams Resources & Energy, Inc.",25.99,$110.26M,,Energy,Oil Refining/Marketing,https://old.nasdaq.com/symbol/ae,
9,ACY,AeroCentury Corp.,8.21,$12.69M,,Technology,Diversified Commercial Services,https://old.nasdaq.com/symbol/acy,
10,UAVS,"AgEagle Aerial Systems, Inc.",13.89,$814.46M,,Capital Goods,Aerospace,https://old.nasdaq.com/symbol/uavs,
11,AGE,"AgeX Therapeutics, Inc.",1.9,$71.61M,2018.0,Health Care,Major Pharmaceuticals,https://old.nasdaq.com/symbol/age,
12,AIRI,Air Industries Group,1.58,$50.13M,,Capital Goods,Military/Government/Technical,https://old.nasdaq.com/symbol/airi,
13,AXU,Alexco Resource Corp,2.71,$371.43M,,Basic Industries,Precious Metals,https://old.nasdaq.com/symbol/axu,
14,AAU,"Almaden Minerals, Ltd.",0.58,$69.92M,2015.0,Basic Industries,Precious Metals,https://old.nasdaq.com/symbol/aau,
15,APT,"Alpha Pro Tech, Ltd.",13.31,$180.72M,,Health Care,Industrial Specialties,https://old.nasdaq.com/symbol/apt,
16,AAMC,Altisource Asset Management Corp,21.49,$35.46M,,Finance,Real Estate,https://old.nasdaq.com/symbol/aamc,
17,AMBO,Ambow Education Holding Ltd.,2.525,$58.62M,,Consumer Services,Other Consumer Services,https://old.nasdaq.com/symbol/ambo,
18,DIT,AMCON Distributing Company,123.25,$67.96M,,Consumer Non-Durables,Food Distributors,https://old.nasdaq.com/symbol/dit,
19,AMS,American Shared Hospital Services,2.54,$14.63M,,Health Care,Medical Specialities,https://old.nasdaq.com/symbol/ams,
20,USAS,Americas Gold and Silver Corporation,2.61,$307.92M,2017.0,Basic Industries,Precious Metals,https://old.nasdaq.com/symbol/usas,
21,AP.WS,Ampco-Pittsburgh Corporation,,,,,,https://old.nasdaq.com/symbol/ap.ws,
22,AMPE,"Ampio Pharmaceuticals, Inc.",1.8,$333.1M,,Health Care,Major Pharmaceuticals,https://old.nasdaq.com/symbol/ampe,
23,ANVS,"Annovis Bio, Inc.",10.545,$72.67M,2020.0,Health Care,Major Pharmaceuticals,https://old.nasdaq.com/symbol/anvs,
24,ARMP,"Armata Pharmaceuticals, Inc.",3.41,$63.77M,,Health Care,Biotechnology: Biological Products (No Diagnostic Substances),https://old.nasdaq.com/symbol/armp,
25,AINC,Ashford Inc.,7.75,$19.79M,2014.0,Consumer Services,Professional Services,https://old.nasdaq.com/symbol/ainc,
26,DPW,"Ault Global Holdings, Inc.",5.32,$147.65M,,Capital Goods,Industrial Machinery/Components,https://old.nasdaq.com/symbol/dpw,
27,AWX,Avalon Holdings Corporation,3.03,$11.74M,,Public Utilities,Environmental Services,https://old.nasdaq.com/symbol/awx,
28,ASM,Avino Silver,1.17,$104.8M,,Basic Industries,Precious Metals,https://old.nasdaq.com/symbol/asm,
29,BTG,B2Gold Corp,5.05,$5.31B,,Basic Industries,Precious Metals,https://old.nasdaq.com/symbol/btg,
30,BTN,"Ballantyne Strong, Inc",2.02,$29.88M,,Miscellaneous,Industrial Machinery/Components,https://old.nasdaq.com/symbol/btn,
31,BCV,Bancroft Fund Limited,31.71,$168.86M,,,,https://old.nasdaq.com/symbol/bcv,
32,BCV^A,Bancroft Fund Limited,25.85,,,,,https://old.nasdaq.com/symbol/bcv^a,
33,BHB,"Bar Harbor Bankshares, Inc.",23.34,$348.43M,,Finance,Major Banks,https://old.nasdaq.com/symbol/bhb,
34,BRN,"Barnwell Industries, Inc.",2.11,$17.46M,,Energy,Oil & Gas Production,https://old.nasdaq.com/symbol/brn,
35,BATL,Battalion Oil Corporation,7.77,$125.9M,,Energy,Oil & Gas Production,https://old.nasdaq.com/symbol/batl,
36,BIOX,Bioceres Crop Solutions Corp.,8.04,$324.22M,2018.0,Basic Industries,Agricultural Chemicals,https://old.nasdaq.com/symbol/biox,
37,PHGE,BiomX Inc.,6.51,$151.34M,2019.0,Health Care,Biotechnology: Biological Products (No Diagnostic Substances),https://old.nasdaq.com/symbol/phge,
38,PHGE.U,BiomX Inc.,,,2018.0,,,https://old.nasdaq.com/symbol/phge.u,
39,PHGE.WS,BiomX Inc.,,,,,,https://old.nasdaq.com/symbol/phge.ws,
40,BGI,Birks Group Inc.,1.3,$23.36M,,Consumer Services,Consumer Specialties,https://old.nasdaq.com/symbol/bgi,
41,BKTI,BK Technologies Corporation,3.3916,$42.44M,,Technology,Radio And Television Broadcasting And Communications Equipment,https://old.nasdaq.com/symbol/bkti,
42,BDR,"Blonder Tongue Laboratories, Inc.",1.49,$17.22M,,Technology,Radio And Television Broadcasting And Communications Equipment,https://old.nasdaq.com/symbol/bdr,
43,BRBS,"Blue Ridge Bankshares, Inc.",19.5,$111.51M,,Finance,Major Banks,https://old.nasdaq.com/symbol/brbs,
44,BRG,"Bluerock Residential Growth REIT, Inc.",11.43,$272.58M,2014.0,Consumer Services,Real Estate Investment Trusts,https://old.nasdaq.com/symbol/brg,
45,BRG^A,"Bluerock Residential Growth REIT, Inc.",25.237,,,,,https://old.nasdaq.com/symbol/brg^a,
46,BRG^C,"Bluerock Residential Growth REIT, Inc.",25.71,,,,,https://old.nasdaq.com/symbol/brg^c,
47,BRG^D,"Bluerock Residential Growth REIT, Inc.",25.5,,,,,https://old.nasdaq.com/symbol/brg^d,
48,BMTX,"BM Technologies, Inc.",15.93,$194.35M,2018.0,Finance,Major Banks,https://old.nasdaq.com/symbol/bmtx,
49,BMTX.WS,"BM Technologies, Inc.",,,,,,https://old.nasdaq.com/symbol/bmtx.ws,
50,DMF,BNY Mellon Municipal Income Inc.,8.97,$186.13M,1988.0,,,https://old.nasdaq.com/symbol/dmf,
51,BWL.A,"Bowl America, Inc.",,,,,,https://old.nasdaq.com/symbol/bwl.a,
52,BRMK.WS,Broadmark Realty Capital Inc.,,,,,,https://old.nasdaq.com/symbol/brmk.ws,
53,CMCL,Caledonia Mining Corporation Plc,15.74,$190.75M,,Basic Industries,Precious Metals,https://old.nasdaq.com/symbol/cmcl,
54,CEI,"Camber Energy, Inc.",1.24,$31M,,Energy,Oil & Gas Production,https://old.nasdaq.com/symbol/cei,
55,CANF,Can-Fite Biopharma Ltd,1.99,$30.67M,,Health Care,Major Pharmaceuticals,https://old.nasdaq.com/symbol/canf,
56,YCBD,"cbdMD, Inc.",3.73,$194.45M,2017.0,Consumer Non-Durables,Package Goods/Cosmetics,https://old.nasdaq.com/symbol/ycbd,
57,YCBD^A,"cbdMD, Inc.",7.97,,,,,https://old.nasdaq.com/symbol/ycbd^a,
58,CVM,Cel-Sci Corporation,14.25,$566.69M,,Health Care,Biotechnology: Biological Products (No Diagnostic Substances),https://old.nasdaq.com/symbol/cvm,
59,CET,Central Securities Corporation,34.18,$881.4M,,,,https://old.nasdaq.com/symbol/cet,
60,LEU,Centrus Energy Corp.,22.09,$265.96M,2014.0,Basic Industries,Mining & Quarrying of Nonmetallic Minerals (No Fuels),https://old.nasdaq.com/symbol/leu,
61,CHAQ,Chardan Healthcare Acquisition 2 Corp.,10.61,$114.36M,2020.0,Finance,Business Services,https://old.nasdaq.com/symbol/chaq,
62,CHAQ.U,Chardan Healthcare Acquisition 2 Corp.,,,2020.0,,,https://old.nasdaq.com/symbol/chaq.u,
63,CHAQ.WS,Chardan Healthcare Acquisition 2 Corp.,,,,,,https://old.nasdaq.com/symbol/chaq.ws,
64,CCF,Chase Corporation,105.69,$998.39M,,Consumer Durables,Building Products,https://old.nasdaq.com/symbol/ccf,
65,CQP,"Cheniere Energy Partners, LP",38.88,$18.82B,2007.0,Public Utilities,Oil/Gas Transmission,https://old.nasdaq.com/symbol/cqp,
66,LNG,"Cheniere Energy, Inc.",66.0,$16.65B,,Public Utilities,Oil/Gas Transmission,https://old.nasdaq.com/symbol/lng,
67,CVR,Chicago Rivet & Machine Co.,24.1287,$23.31M,,Technology,Industrial Machinery/Components,https://old.nasdaq.com/symbol/cvr,
68,CPHI,"China Pharma Holdings, Inc.",0.6843,$31.19M,,Health Care,Major Pharmaceuticals,https://old.nasdaq.com/symbol/cphi,
69,CKX,"CKX Lands, Inc.",10.7,$20.78M,,Energy,Oil & Gas Production,https://old.nasdaq.com/symbol/ckx,
70,GLV,Clough Global Dividend and Income Fund,10.77,$90.55M,2004.0,,,https://old.nasdaq.com/symbol/glv,
71,GLQ,Clough Global Equity Fund,15.0,$198.46M,2005.0,,,https://old.nasdaq.com/symbol/glq,
72,GLO,Clough Global Opportunities Fund,12.16,$391.85M,2006.0,,,https://old.nasdaq.com/symbol/glo,
73,COHN,Cohen & Company Inc.,17.22,$22.98M,,Finance,Investment Bankers/Brokers/Service,https://old.nasdaq.com/symbol/cohn,
74,CIX,CompX International Inc.,14.65,$182.41M,1998.0,Capital Goods,Industrial Machinery/Components,https://old.nasdaq.com/symbol/cix,
75,LODE,"Comstock Mining, Inc.",1.17,$40.93M,,Basic Industries,Precious Metals,https://old.nasdaq.com/symbol/lode,
76,CDOR,"Condor Hospitality Trust, Inc.",4.59,$55.15M,,Consumer Services,Real Estate Investment Trusts,https://old.nasdaq.com/symbol/cdor,
77,CHFW,Consonance-HFW Acquisition Corp.,10.4,$124.11M,2021.0,,,https://old.nasdaq.com/symbol/chfw,
78,CHFW.U,Consonance-HFW Acquisition Corp.,,,2020.0,,,https://old.nasdaq.com/symbol/chfw.u,
79,CHFW.WS,Consonance-HFW Acquisition Corp.,,,,,,https://old.nasdaq.com/symbol/chfw.ws,
80,MCF,Contango Oil & Gas Company,2.76,$479.38M,,Energy,Oil & Gas Production,https://old.nasdaq.com/symbol/mcf,
81,CMT,Core Molding Technologies Inc,12.89,$102.76M,,Consumer Non-Durables,Plastic Products,https://old.nasdaq.com/symbol/cmt,
82,CRMD,CorMedix Inc.,8.64,$277.62M,,Health Care,Major Pharmaceuticals,https://old.nasdaq.com/symbol/crmd,
83,CRF,"Cornerstone Strategic Return Fund, Inc. (The)",12.1,$486.86M,,,,https://old.nasdaq.com/symbol/crf,
84,CLM,"Cornerstone Strategic Value Fund, Inc.",12.46,$948.47M,1987.0,,,https://old.nasdaq.com/symbol/clm,
85,CVU,"CPI Aerostructures, Inc.",4.04,$48.28M,,Capital Goods,Military/Government/Technical,https://old.nasdaq.com/symbol/cvu,
86,CIK,"Credit Suisse Asset Management Income Fund, Inc.",3.17,$165.81M,,,,https://old.nasdaq.com/symbol/cik,
87,DHY,Credit Suisse High Yield Bond Fund,2.29,$237.03M,1998.0,,,https://old.nasdaq.com/symbol/dhy,
88,CRHM,CRH Medical Corporation,2.245,$160.32M,2015.0,Health Care,Medical/Nursing Services,https://old.nasdaq.com/symbol/crhm,
89,CTO,"CTO Realty Growth, Inc.",45.37,$268.4M,,Finance,Real Estate,https://old.nasdaq.com/symbol/cto,
90,CTEK,"CynergisTek, Inc.",2.315,$24.66M,2017.0,Miscellaneous,Business Services,https://old.nasdaq.com/symbol/ctek,
91,DXR,Daxor Corporation,12.845,$51.56M,,Health Care,Medical/Dental Instruments,https://old.nasdaq.com/symbol/dxr,
92,VCF,"Delaware Investments Colorado Municipal Income Fund, Inc",14.2899,$69.12M,1993.0,,,https://old.nasdaq.com/symbol/vcf,
93,VFL,Delaware Investments Florida Insured Municipal Income Fund,13.42,$60.77M,1993.0,,,https://old.nasdaq.com/symbol/vfl,
94,VMM,"Delaware Investments Minnesota Municipal Income Fund II, Inc.",13.29,$152.9M,1993.0,,,https://old.nasdaq.com/symbol/vmm,
95,DLA,"Delta Apparel, Inc.",21.24,$148.14M,,Consumer Non-Durables,Apparel,https://old.nasdaq.com/symbol/dla,
96,DNN,Denison Mine Corp,0.6970000000000001,$473.09M,,Basic Industries,Precious Metals,https://old.nasdaq.com/symbol/dnn,
97,DSS,"Document Security Systems, Inc.",4.16,$24.28M,,Consumer Durables,Containers/Packaging,https://old.nasdaq.com/symbol/dss,
98,DXF,Dunxin Financial Holdings Limited,1.48,$30.89M,,Finance,Finance: Consumer Services,https://old.nasdaq.com/symbol/dxf,
99,GRF,"Eagle Capital Growth Fund, Inc.",7.885,$32.13M,,,,https://old.nasdaq.com/symbol/grf,
100,EVM,Eaton Vance California Municipal Bond Fund,11.5,$287.43M,2002.0,,,https://old.nasdaq.com/symbol/evm,
101,CEV,Eaton Vance California Municipal Income Trust,13.74,$98.02M,1999.0,,,https://old.nasdaq.com/symbol/cev,
102,EVV,Eaton Vance Limited Duration Income Fund,12.51,$1.45B,2003.0,,,https://old.nasdaq.com/symbol/evv,
103,EIM,Eaton Vance Municipal Bond Fund,13.3,$956.98M,2002.0,,,https://old.nasdaq.com/symbol/eim,
104,ENX,Eaton Vance New York Municipal Bond Fund,12.15,$220.14M,2002.0,,,https://old.nasdaq.com/symbol/enx,
105,EVY,Eaton Vance New York Municipal Income Trust,13.99,$75.57M,1999.0,,,https://old.nasdaq.com/symbol/evy,
106,ELMD,"Electromed, Inc.",10.05,$86.49M,2011.0,Health Care,Biotechnology: Electromedical & Electrotherapeutic Apparatus,https://old.nasdaq.com/symbol/elmd,
107,ELLO,Ellomay Capital Ltd.,32.0,$404.87M,,Public Utilities,Electric Utilities: Central,https://old.nasdaq.com/symbol/ello,
108,ECF,Ellsworth Growth and Income Fund Ltd.,15.01,$198.21M,1986.0,,,https://old.nasdaq.com/symbol/ecf,
109,ECF^A,Ellsworth Growth and Income Fund Ltd.,26.2,,,,,https://old.nasdaq.com/symbol/ecf^a,
110,EMAN,eMagin Corporation,2.82,$190.35M,,Technology,Semiconductors,https://old.nasdaq.com/symbol/eman,
111,MSN,Emerson Radio Corporation,1.23,$25.88M,,Consumer Non-Durables,Consumer Electronics/Appliances,https://old.nasdaq.com/symbol/msn,
112,EMX,EMX Royalty Corporation,3.56,$300.24M,,Basic Industries,Precious Metals,https://old.nasdaq.com/symbol/emx,
113,UUUU,Energy Fuels Inc,3.94,$529.1M,,Basic Industries,Mining & Quarrying of Nonmetallic Minerals (No Fuels),https://old.nasdaq.com/symbol/uuuu,
114,UUUU.WS,Energy Fuels Inc,,,,,,https://old.nasdaq.com/symbol/uuuu.ws,
115,ENSV,ENSERVCO Corporation,2.06,$10.59M,,Energy,Oilfield Services/Equipment,https://old.nasdaq.com/symbol/ensv,
116,ELA,Envela Corporation,5.43,$146.2M,,Consumer Services,Consumer Specialties,https://old.nasdaq.com/symbol/ela,
117,EQX,Equinox Gold Corp.,10.1,$2.44B,,Basic Industries,Precious Metals,https://old.nasdaq.com/symbol/eqx,
118,ESP,Espey Mfg. & Electronics Corp.,19.39,$52.4M,,Capital Goods,Industrial Machinery/Components,https://old.nasdaq.com/symbol/esp,
119,EVBN,"Evans Bancorp, Inc.",31.26,$168.31M,,Finance,Major Banks,https://old.nasdaq.com/symbol/evbn,
120,EVI,"EVI Industries, Inc.",32.5,$429.29M,,Consumer Services,Other Consumer Services,https://old.nasdaq.com/symbol/evi,
121,EPM,"Evolution Petroleum Corporation, Inc.",3.21,$105.78M,,Energy,Oil & Gas Production,https://old.nasdaq.com/symbol/epm,
122,EXN,Excellon Resources Inc.,2.72,$87.23M,2020.0,Basic Industries,Precious Metals,https://old.nasdaq.com/symbol/exn,
123,FEN,First Trust Energy Income and Growth Fund,11.54,$231.04M,2004.0,,,https://old.nasdaq.com/symbol/fen,
124,BDL,"Flanigan&#39;s Enterprises, Inc.",21.65,$40.24M,,Consumer Services,Restaurants,https://old.nasdaq.com/symbol/bdl,
125,FSI,Flexible Solutions International Inc.,3.78,$46.27M,,Basic Industries,Major Chemicals,https://old.nasdaq.com/symbol/fsi,
126,FTF,Franklin Limited Duration Income Trust,9.35,$281.8M,2003.0,,,https://old.nasdaq.com/symbol/ftf,
127,FSP,Franklin Street Properties Corp.,4.66,$500.15M,,Consumer Services,Real Estate Investment Trusts,https://old.nasdaq.com/symbol/fsp,
128,FRD,Friedman Industries Inc.,7.03,$49.52M,,Capital Goods,Steel/Iron Ore,https://old.nasdaq.com/symbol/frd,
129,FTSI,"FTS International, Inc.",19.35,$270.9M,2020.0,Energy,Oilfield Services/Equipment,https://old.nasdaq.com/symbol/ftsi,
130,FURY,Fury Gold Mines Limited,1.37,$161.42M,2020.0,Basic Industries,Precious Metals,https://old.nasdaq.com/symbol/fury,
131,GAU,Galiano Gold Inc.,1.2,$269.07M,,Basic Industries,Mining & Quarrying of Nonmetallic Minerals (No Fuels),https://old.nasdaq.com/symbol/gau,
132,GGN,"GAMCO Global Gold, Natural Reources & Income Trust ",3.53,$582.14M,2005.0,,,https://old.nasdaq.com/symbol/ggn,
133,GGN^B,"GAMCO Global Gold, Natural Reources & Income Trust ",25.5,,,,,https://old.nasdaq.com/symbol/ggn^b,
134,JOB,GEE Group Inc.,1.27,$22.44M,,Technology,Diversified Commercial Services,https://old.nasdaq.com/symbol/job,
135,GSAT,"Globalstar, Inc.",1.04,$1.74B,2006.0,Consumer Services,Telecommunications Equipment,https://old.nasdaq.com/symbol/gsat,
136,GORO,Gold Resource Corporation,2.7,$194.04M,,Basic Industries,Precious Metals,https://old.nasdaq.com/symbol/goro,
137,GSV,Gold Standard Ventures Corporation,0.6525,$205.64M,,Basic Industries,Mining & Quarrying of Nonmetallic Minerals (No Fuels),https://old.nasdaq.com/symbol/gsv,
138,AUMN,Golden Minerals Company,0.6833,$103.53M,,Basic Industries,Precious Metals,https://old.nasdaq.com/symbol/aumn,
139,GSS,"Golden Star Resources, Ltd",3.88,$431.69M,,Basic Industries,Precious Metals,https://old.nasdaq.com/symbol/gss,
140,GLDG,GoldMining Inc.,1.86,$274.59M,,Basic Industries,Precious Metals,https://old.nasdaq.com/symbol/gldg,
141,GDP,Goodrich Petroleum Corporation,10.11,$127.95M,2017.0,Energy,Oil & Gas Production,https://old.nasdaq.com/symbol/gdp,
142,GTE,Gran Tierra Energy Inc.,0.5032,$184.67M,,Energy,Oil & Gas Production,https://old.nasdaq.com/symbol/gte,
143,GPL,Great Panther Mining Limited,0.794,$281.65M,,Basic Industries,Precious Metals,https://old.nasdaq.com/symbol/gpl,
144,SIM,"Grupo Simec, S.A. de C.V.",14.49,$2.24B,1993.0,Basic Industries,Steel/Iron Ore,https://old.nasdaq.com/symbol/sim,
145,AIM,"Hemispherx BioPharma, Inc.",2.1,$83.35M,,Health Care,Biotechnology: Biological Products (No Diagnostic Substances),https://old.nasdaq.com/symbol/aim,
146,HLM^,Hillman Group Capital Trust,30.4725,,,,,https://old.nasdaq.com/symbol/hlm^,
147,HMG,"HMG/Courtland Properties, Inc.",12.24,$12.33M,,Consumer Services,Real Estate Investment Trusts,https://old.nasdaq.com/symbol/hmg,
148,HUSA,Houston American Energy Corporation,2.02,$14.09M,,Energy,Oil & Gas Production,https://old.nasdaq.com/symbol/husa,
149,HWM^,Howmet Aerospace Inc.,79.0,,,,,https://old.nasdaq.com/symbol/hwm^,
150,IBIO,"iBio, Inc.",1.76,$380.18M,,Health Care,Major Pharmaceuticals,https://old.nasdaq.com/symbol/ibio,
151,IBO,IBO (Listing Market - NYSE Amex Network B F),24.84,,,,,https://old.nasdaq.com/symbol/ibo,
152,IMH,"Impac Mortgage Holdings, Inc.",2.92,$61.99M,1997.0,Consumer Services,Real Estate Investment Trusts,https://old.nasdaq.com/symbol/imh,
153,IMO,Imperial Oil Limited,20.15,$14.79B,,Energy,Integrated oil Companies,https://old.nasdaq.com/symbol/imo,
154,IOR,"Income Opportunity Realty Investors, Inc.",11.76,$49.02M,,Consumer Services,Real Estate Investment Trusts,https://old.nasdaq.com/symbol/ior,
155,IGC,India Globalization Capital Inc.,1.55,$66.32M,,Technology,Electronic Components,https://old.nasdaq.com/symbol/igc,
156,INDO,Indonesia Energy Corporation Limited,7.06,$52.3M,2019.0,Energy,Oil & Gas Production,https://old.nasdaq.com/symbol/indo,
157,INFU,"InfuSystems Holdings, Inc.",17.74,$359M,,Health Care,Medical/Dental Instruments,https://old.nasdaq.com/symbol/infu,
158,IHT,InnSuites Hospitality Trust,2.44,$22.63M,,Consumer Services,Real Estate Investment Trusts,https://old.nasdaq.com/symbol/iht,
159,NSPR,InspireMD Inc.,0.6986,$25.82M,,Health Care,Medical/Dental Instruments,https://old.nasdaq.com/symbol/nspr,
160,NSPR.WS,InspireMD Inc.,,,,,,https://old.nasdaq.com/symbol/nspr.ws,
161,NSPR.WS.B,InspireMD Inc.,,,,,,https://old.nasdaq.com/symbol/nspr.ws.b,
162,ITRG,Integra Resources Corp.,3.6,$196.59M,,Basic Industries,Precious Metals,https://old.nasdaq.com/symbol/itrg,
163,INS,Intelligent Systems Corporation,39.99,$357.09M,1992.0,Technology,Computer Software: Prepackaged Software,https://old.nasdaq.com/symbol/ins,
164,THM,International Tower Hill Mines Ltd,1.32,$257.28M,,Basic Industries,Precious Metals,https://old.nasdaq.com/symbol/thm,
165,INTT,inTest Corporation,7.3146,$77.02M,1997.0,Capital Goods,Electrical Products,https://old.nasdaq.com/symbol/intt,
166,INUV,"Inuvo, Inc",1.78,$198.42M,,Consumer Services,Advertising,https://old.nasdaq.com/symbol/inuv,
167,VKI,Invesco Advantage Municipal Income Trust II,11.46,$508.73M,,,,https://old.nasdaq.com/symbol/vki,
168,ISR,"IsoRay, Inc.",2.24,$195.39M,,Health Care,Medical/Dental Instruments,https://old.nasdaq.com/symbol/isr,
169,ISDR,Issuer Direct Corporation,22.07,$82.58M,,Miscellaneous,Publishing,https://old.nasdaq.com/symbol/isdr,
170,ITP,"IT Tech Packaging, Inc.",0.7865,$22.43M,,Consumer Durables,Containers/Packaging,https://old.nasdaq.com/symbol/itp,
171,KLR,"Kaleyra, Inc.",12.96,$380.06M,2018.0,Technology,EDP Services,https://old.nasdaq.com/symbol/klr,
172,KLR.WS,"Kaleyra, Inc.",,,,,,https://old.nasdaq.com/symbol/klr.ws,
173,KIQ,Kelso Technologies Inc,0.69,$32.55M,,Capital Goods,Railroads,https://old.nasdaq.com/symbol/kiq,
174,LSF,"Laird Superfood, Inc.",42.92,$380.91M,2020.0,Consumer Non-Durables,Packaged Foods,https://old.nasdaq.com/symbol/lsf,
175,LGL,"LGL Group, Inc. (The)",11.09,$58.33M,,Capital Goods,Industrial Machinery/Components,https://old.nasdaq.com/symbol/lgl,
176,LGL.WS,"LGL Group, Inc. (The)",,,,,,https://old.nasdaq.com/symbol/lgl.ws,
177,LCTX,"Lineage Cell Therapeutics, Inc.",2.66,$398.95M,,Health Care,Biotechnology: Biological Products (No Diagnostic Substances),https://old.nasdaq.com/symbol/lctx,
178,MAG,MAG Silver Corporation,18.42,$1.75B,,Basic Industries,Precious Metals,https://old.nasdaq.com/symbol/mag,
179,MHH,"Mastech Digital, Inc",17.45,$198.58M,,Consumer Services,Professional Services,https://old.nasdaq.com/symbol/mhh,
180,MTNB,"Matinas Biopharma Holdings, Inc.",1.56,$311.44M,2017.0,Health Care,Major Pharmaceuticals,https://old.nasdaq.com/symbol/mtnb,
181,MMX,Maverix Metals Inc.,5.62,$789.54M,,Basic Industries,Precious Metals,https://old.nasdaq.com/symbol/mmx,
182,IPB,"Merrill Lynch & Co., Inc. 6.0518% Index Plus Trust Certificate",31.0,,,Finance,Finance: Consumer Services,https://old.nasdaq.com/symbol/ipb,
183,MTA,Metalla Royalty & Streaming Ltd.,11.55,$457.57M,,Basic Industries,Precious Metals,https://old.nasdaq.com/symbol/mta,
184,MXC,Mexco Energy Corporation,7.55,$15.49M,,Energy,Oil & Gas Production,https://old.nasdaq.com/symbol/mxc,
185,MLSS,"Milestone Scientific, Inc.",2.95,$187.9M,2015.0,Health Care,Industrial Specialties,https://old.nasdaq.com/symbol/mlss,
186,MYO,Myomo Inc.,11.06,$50.67M,2017.0,Health Care,Industrial Specialties,https://old.nasdaq.com/symbol/myo,
187,NNVC,"NanoViricides, Inc.",4.43,$47.25M,,Health Care,Major Pharmaceuticals,https://old.nasdaq.com/symbol/nnvc,
188,ATEST,NASDAQ TEST STOCK,25.04,,,,,https://old.nasdaq.com/symbol/atest,
189,ATEST.A,NASDAQ TEST STOCK,,,,,,https://old.nasdaq.com/symbol/atest.a,
190,ATEST.B,NASDAQ TEST STOCK,,,,,,https://old.nasdaq.com/symbol/atest.b,
191,ATEST.C,NASDAQ TEST STOCK,,,,,,https://old.nasdaq.com/symbol/atest.c,
192,NHC,National HealthCare Corporation,70.54,$1.08B,,Health Care,Hospital/Nursing Management,https://old.nasdaq.com/symbol/nhc,
193,NAVB,"Navidea Biopharmaceuticals, Inc.",2.3,$61.38M,,Health Care,Biotechnology: In Vitro & In Vivo Diagnostic Substances,https://old.nasdaq.com/symbol/navb,
194,NTIP,"Network-1 Technologies, Inc.",3.76,$90.36M,,Miscellaneous,Multi-Sector Companies,https://old.nasdaq.com/symbol/ntip,
195,NBW,Neuberger Berman California Municipal Fund Inc,13.55,$75.22M,2002.0,,,https://old.nasdaq.com/symbol/nbw,
196,NHS,Neuberger Berman High Yield Strategies Fund,11.81,$230.77M,,,,https://old.nasdaq.com/symbol/nhs,
197,NML,Neuberger Berman MLP and Energy Income Fund Inc.,3.73,$211.34M,2013.0,,,https://old.nasdaq.com/symbol/nml,
198,NBH,Neuberger Berman Municipal Fund Inc.,15.39,$289.61M,2002.0,,,https://old.nasdaq.com/symbol/nbh,
199,NBO,Neuberger Berman New York Municipal Fund Inc.,12.29,$62.4M,2002.0,,,https://old.nasdaq.com/symbol/nbo,
200,NRO,"Neuberger Berman Real Estate Securities Income Fund, Inc.",4.23,$200.59M,2003.0,,,https://old.nasdaq.com/symbol/nro,
201,NBA,New Beginnings Acquisition Corp.,10.3,$153.68M,2020.0,Finance,Business Services,https://old.nasdaq.com/symbol/nba,
202,NBA.U,New Beginnings Acquisition Corp.,,,2020.0,,,https://old.nasdaq.com/symbol/nba.u,
203,NBA.WS,New Beginnings Acquisition Corp.,,,,,,https://old.nasdaq.com/symbol/nba.ws,
204,GBR,"New Concept Energy, Inc",2.47,$12.68M,,Energy,Oil & Gas Production,https://old.nasdaq.com/symbol/gbr,
205,NEN,New England Realty Associates Limited Partnership,50.5,$184.46M,,Consumer Services,Building operators,https://old.nasdaq.com/symbol/nen,
206,NGD,New Gold Inc.,1.9,$1.29B,,Basic Industries,Precious Metals,https://old.nasdaq.com/symbol/ngd,
207,NXE,Nexgen Energy Ltd.,2.8,$1.06B,,Basic Industries,Precious Metals,https://old.nasdaq.com/symbol/nxe,
208,NAK,"Northern Dynasty Minerals, Ltd.",0.5275,$268.52M,,Basic Industries,Precious Metals,https://old.nasdaq.com/symbol/nak,
209,NOG,"Northern Oil and Gas, Inc.",10.35,$474.56M,,,,https://old.nasdaq.com/symbol/nog,
210,NBY,"NovaBay Pharmaceuticals, Inc.",1.01,$42.2M,2007.0,Health Care,Major Pharmaceuticals,https://old.nasdaq.com/symbol/nby,
211,NG,Novagold Resources Inc.,9.1,$3B,,Basic Industries,Precious Metals,https://old.nasdaq.com/symbol/ng,
212,NTN,"NTN Buzztime, Inc.",3.1,$9.19M,,Health Care,Major Pharmaceuticals,https://old.nasdaq.com/symbol/ntn,
213,NES,"Nuverra Environmental Solutions, Inc.",2.75,$43.37M,2017.0,Energy,Oilfield Services/Equipment,https://old.nasdaq.com/symbol/nes,
214,OBLG,Oblong Inc.,4.72,$36.54M,,Technology,"Computer Software: Programming, Data Processing",https://old.nasdaq.com/symbol/oblg,
215,OCX,OncoCyte Corporation,4.76,$320.11M,2015.0,Health Care,Biotechnology: In Vitro & In Vivo Diagnostic Substances,https://old.nasdaq.com/symbol/ocx,
216,OGEN,Oragenics Inc.,1.09,$100.03M,,Health Care,Major Pharmaceuticals,https://old.nasdaq.com/symbol/ogen,
217,ORLA,Orla Mining Ltd.,4.52,$1.03B,2020.0,Basic Industries,Precious Metals,https://old.nasdaq.com/symbol/orla,
218,PCG^A,Pacific Gas & Electric Co.,30.2081,,,,,https://old.nasdaq.com/symbol/pcg^a,
219,PCG^B,Pacific Gas & Electric Co.,27.35,,,,,https://old.nasdaq.com/symbol/pcg^b,
220,PCG^C,Pacific Gas & Electric Co.,25.386,,,,,https://old.nasdaq.com/symbol/pcg^c,
221,PCG^D,Pacific Gas & Electric Co.,25.1709,,,,,https://old.nasdaq.com/symbol/pcg^d,
222,PCG^E,Pacific Gas & Electric Co.,25.365,,,,,https://old.nasdaq.com/symbol/pcg^e,
223,PCG^G,Pacific Gas & Electric Co.,24.26,,,,,https://old.nasdaq.com/symbol/pcg^g,
224,PCG^H,Pacific Gas & Electric Co.,23.88,,,,,https://old.nasdaq.com/symbol/pcg^h,
225,PCG^I,Pacific Gas & Electric Co.,23.74,,,,,https://old.nasdaq.com/symbol/pcg^i,
226,PTN,"Palatin Technologies, Inc.",1.07,$245.99M,,Health Care,Major Pharmaceuticals,https://old.nasdaq.com/symbol/ptn,
227,PZG,Paramount Gold Nevada Corp.,1.14,$39.09M,2015.0,Basic Industries,Precious Metals,https://old.nasdaq.com/symbol/pzg,
228,PRK,Park National Corporation,113.72,$1.86B,,Finance,Major Banks,https://old.nasdaq.com/symbol/prk,
229,ID,"PARTS iD, Inc.",7.17,$235.7M,2017.0,Technology,Advertising,https://old.nasdaq.com/symbol/id,
230,PED,Pedevco Corp.,1.54,$111.59M,,Energy,Oil & Gas Production,https://old.nasdaq.com/symbol/ped,
231,HNW,Pioneer Diversified High Income Trust,14.49,$120.74M,2007.0,,,https://old.nasdaq.com/symbol/hnw,
232,PLAG,Planet Green Holdings Corp,2.6473,$35.02M,,Consumer Non-Durables,Packaged Foods,https://old.nasdaq.com/symbol/plag,
233,PLG,Platinum Group Metals Ltd.,4.19,$302.56M,,Basic Industries,Precious Metals,https://old.nasdaq.com/symbol/plg,
234,PLYM^A,"Plymouth Industrial REIT, Inc.",27.0,,,,,https://old.nasdaq.com/symbol/plym^a,
235,PLM,Polymet Mining Corp.,3.97,$399.78M,,Basic Industries,Precious Metals,https://old.nasdaq.com/symbol/plm,
236,PW,Power REIT,31.58,$60.51M,,Consumer Services,Real Estate Investment Trusts,https://old.nasdaq.com/symbol/pw,
237,PW^A,Power REIT,25.95,,,,,https://old.nasdaq.com/symbol/pw^a,
238,PLX,"Protalix BioTherapeutics, Inc.",4.58,$152.68M,,Health Care,Biotechnology: Biological Products (No Diagnostic Substances),https://old.nasdaq.com/symbol/plx,
239,PTK,PTK Acquisition Corp.,10.395,$149.43M,2020.0,Finance,Business Services,https://old.nasdaq.com/symbol/ptk,
240,PTK.U,PTK Acquisition Corp.,,,2020.0,,,https://old.nasdaq.com/symbol/ptk.u,
241,PTK.WS,PTK Acquisition Corp.,,,,,,https://old.nasdaq.com/symbol/ptk.ws,
242,RMED,"Ra Medical Systems, Inc.",7.71,$22.51M,2018.0,Health Care,Medical/Dental Instruments,https://old.nasdaq.com/symbol/rmed,
243,RLGT,"Radiant Logistics, Inc.",6.46,$320.93M,,Transportation,Oil Refining/Marketing,https://old.nasdaq.com/symbol/rlgt,
244,UTG,Reaves Utility Income Fund,32.9,$1.77B,2004.0,,,https://old.nasdaq.com/symbol/utg,
245,RHE,"Regional Health Properties, Inc.",3.59,$6.06M,2017.0,Consumer Services,Real Estate,https://old.nasdaq.com/symbol/rhe,
246,RHE^A,"Regional Health Properties, Inc.",2.63,,,,,https://old.nasdaq.com/symbol/rhe^a,
247,RCG,"RENN Fund, Inc.",2.0874,$12.42M,,,,https://old.nasdaq.com/symbol/rcg,
248,RVP,"Retractable Technologies, Inc.",12.78,$432.18M,,Health Care,Medical/Dental Instruments,https://old.nasdaq.com/symbol/rvp,
249,REI,"Ring Energy, Inc.",1.04,$84.94M,,Energy,Oil & Gas Production,https://old.nasdaq.com/symbol/rei,
250,SACC,Sachem Capital Corp.,24.94,,2019.0,Consumer Services,Real Estate Investment Trusts,https://old.nasdaq.com/symbol/sacc,
251,SACH,Sachem Capital Corp.,4.2,$92.92M,2017.0,Consumer Services,Real Estate Investment Trusts,https://old.nasdaq.com/symbol/sach,
252,SCCB,Sachem Capital Corp.,25.27,,2019.0,Consumer Services,Real Estate Investment Trusts,https://old.nasdaq.com/symbol/sccb,
253,SCCC,Sachem Capital Corp.,25.11,,2020.0,Consumer Services,Real Estate Investment Trusts,https://old.nasdaq.com/symbol/sccc,
254,SNMP,Sanchez Midstream Partners LP,0.8786,$17.53M,,Energy,Oil & Gas Production,https://old.nasdaq.com/symbol/snmp,
255,SEB,Seaboard Corporation,3124.0,$3.63B,1996.0,Consumer Services,Farming/Seeds/Milling,https://old.nasdaq.com/symbol/seb,
256,SENS,"Senseonics Holdings, Inc.",2.31,$567.49M,,Capital Goods,Industrial Machinery/Components,https://old.nasdaq.com/symbol/sens,
257,SVT,"Servotronics, Inc.",8.6,$21.4M,,Capital Goods,Industrial Machinery/Components,https://old.nasdaq.com/symbol/svt,
258,SMTS,Sierra Metals Inc.,3.4,$553.52M,,Basic Industries,Precious Metals,https://old.nasdaq.com/symbol/smts,
259,SIF,"SIFCO Industries, Inc.",10.11,$59.81M,,Capital Goods,Aerospace,https://old.nasdaq.com/symbol/sif,
260,SVM,Silvercorp Metals Inc.,5.99,$1.05B,,Basic Industries,Precious Metals,https://old.nasdaq.com/symbol/svm,
261,SILV,SilverCrest Metals Inc.,9.25,$1.2B,2018.0,Basic Industries,Precious Metals,https://old.nasdaq.com/symbol/silv,
262,XPL,Solitario Zinc Corp.,0.7963,$46.27M,,Basic Industries,Precious Metals,https://old.nasdaq.com/symbol/xpl,
263,LOV,"Spark Networks, Inc.",6.28,$163.64M,2017.0,Consumer Services,Other Consumer Services,https://old.nasdaq.com/symbol/lov,
264,STXS,"Stereotaxis, Inc.",4.99,$367.69M,,Health Care,Biotechnology: Electromedical & Electrotherapeutic Apparatus,https://old.nasdaq.com/symbol/stxs,
265,SSY,"SunLink Health Systems, Inc.",1.54,$10.62M,,Health Care,Hospital/Nursing Management,https://old.nasdaq.com/symbol/ssy,
266,SDPI,"Superior Drilling Products, Inc.",0.96,$24.59M,2014.0,Energy,Metal Fabrications,https://old.nasdaq.com/symbol/sdpi,
267,SYN,"Synthetic Biologics, Inc",0.9116,$48.93M,,Health Care,Major Pharmaceuticals,https://old.nasdaq.com/symbol/syn,
268,TKAT,"Takung Art Co., Ltd.",1.96,$22.09M,,Consumer Services,Other Specialty Stores,https://old.nasdaq.com/symbol/tkat,
269,TALO.WS,"Talos Energy, Inc.",,,,,,https://old.nasdaq.com/symbol/talo.ws,
270,TRX,Tanzanian Gold Corporation,0.6709999999999999,$140M,,Basic Industries,Precious Metals,https://old.nasdaq.com/symbol/trx,
271,TGB,Taseko Mines Limited,1.29,$360.17M,,Basic Industries,Precious Metals,https://old.nasdaq.com/symbol/tgb,
272,TGC,"Tengasco, Inc.",1.42,$15.17M,,Energy,Oil & Gas Production,https://old.nasdaq.com/symbol/tgc,
273,GLU,The Gabelli Global Utility and Income Trust,18.47,$99.25M,2004.0,,,https://old.nasdaq.com/symbol/glu,
274,GLU^A,The Gabelli Global Utility and Income Trust,46.52,,,,,https://old.nasdaq.com/symbol/glu^a,
275,GLU^B,The Gabelli Global Utility and Income Trust,51.9,,,,,https://old.nasdaq.com/symbol/glu^b,
276,GGO,The Gabelli Go Anywhere Trust,13.3,$20.61M,2016.0,,,https://old.nasdaq.com/symbol/ggo,
277,GGO^A,The Gabelli Go Anywhere Trust,40.9265,,,,,https://old.nasdaq.com/symbol/ggo^a,
278,TDW.WS,Tidewater Inc.,,,,,,https://old.nasdaq.com/symbol/tdw.ws,
279,TMBR,"Timber Pharmaceuticals, Inc.",1.14,$13.51M,2015.0,Health Care,Major Pharmaceuticals,https://old.nasdaq.com/symbol/tmbr,
280,TMP,Tompkins Financial Corporation,76.87,$1.15B,,Finance,Major Banks,https://old.nasdaq.com/symbol/tmp,
281,TRXC,"TransEnterix, Inc.",3.71,$652.95M,,Health Care,Medical/Dental Instruments,https://old.nasdaq.com/symbol/trxc,
282,TMQ,Trilogy Metals Inc.,2.14,$306.03M,,Basic Industries,Precious Metals,https://old.nasdaq.com/symbol/tmq,
283,TPHS,Trinity Place Holdings Inc.,2.15,$69.17M,,Consumer Services,Building operators,https://old.nasdaq.com/symbol/tphs,
284,TRT,Trio-Tech International,4.92,$18.26M,,Technology,Industrial Machinery/Components,https://old.nasdaq.com/symbol/trt,
285,UFAB,"Unique Fabricating, Inc.",7.255,$70.95M,2015.0,Capital Goods,Auto Parts:O.E.M.,https://old.nasdaq.com/symbol/ufab,
286,UAMY,United States Antimony Corporation,0.84,$63.62M,,Capital Goods,Metal Fabrications,https://old.nasdaq.com/symbol/uamy,
287,UUU,"Universal Security Instruments, Inc.",5.73,$13.25M,,Technology,Electronic Components,https://old.nasdaq.com/symbol/uuu,
288,URG,Ur Energy Inc,0.9303,$157.84M,,Basic Industries,Precious Metals,https://old.nasdaq.com/symbol/urg,
289,UEC,Uranium Energy Corp.,1.7,$338.4M,,Basic Industries,Precious Metals,https://old.nasdaq.com/symbol/uec,
290,VGZ,Vista Gold Corporation,0.93,$95.5M,,Basic Industries,Precious Metals,https://old.nasdaq.com/symbol/vgz,
291,VHAQ.U,Viveon Health Acquisition Corp.,,,2020.0,,,https://old.nasdaq.com/symbol/vhaq.u,
292,VNRX,VolitionRX Limited,4.46,$214.96M,2015.0,Health Care,Biotechnology: In Vitro & In Vivo Diagnostic Substances,https://old.nasdaq.com/symbol/vnrx,
293,VOLT,"Volt Information Sciences, Inc.",2.94,$63.91M,,Technology,Professional Services,https://old.nasdaq.com/symbol/volt,
294,EAD,Wells Fargo Income Opportunities Fund,8.14,$493.17M,2003.0,,,https://old.nasdaq.com/symbol/ead,
295,ERC,Wells Fargo Multi-Sector Income Fund,12.18,$342.65M,2003.0,,,https://old.nasdaq.com/symbol/erc,
296,ERH,Wells Fargo Utilities and High Income Fund,12.73,$118.07M,2004.0,,,https://old.nasdaq.com/symbol/erh,
297,WRN,Western Copper and Gold Corporation,1.24,$168.14M,2011.0,Basic Industries,Precious Metals,https://old.nasdaq.com/symbol/wrn,
298,WYY,WidePoint Corporation,14.49,$122.57M,,Technology,EDP Services,https://old.nasdaq.com/symbol/wyy,
299,WTT,"Wireless Telecom Group,  Inc.",2.04,$44.26M,,Capital Goods,Telecommunications Equipment,https://old.nasdaq.com/symbol/wtt,
300,XTNT,"Xtant Medical Holdings, Inc.",1.48,$113.75M,,Health Care,Biotechnology: Biological Products (No Diagnostic Substances),https://old.nasdaq.com/symbol/xtnt,
301,ZDGE,"Zedge, Inc.",7.95,$99.56M,2016.0,Technology,Computer Software: Prepackaged Software,https://old.nasdaq.com/symbol/zdge,
302,ZOM,Zomedica Corp.,0.9562,$793.21M,2017.0,Health Care,Major Pharmaceuticals,https://old.nasdaq.com/symbol/zom,
